{
    "$schema": "http://schema.management.azure.com/schemas/2015-01-01/deploymentTemplate.json#",
    "contentVersion": "1.0.0.0",
    "parameters": {
        "factoryName": {
            "type": "string",
            "metadata": "Data Factory name",
            "defaultValue": "datafactproj"
        },
        "AzureSqlDatabase1_connectionString": {
            "type": "secureString",
            "metadata": "Secure string for 'connectionString' of 'AzureSqlDatabase1'"
        },
        "AzureSynapseAnalytics1_connectionString": {
            "type": "secureString",
            "metadata": "Secure string for 'connectionString' of 'AzureSynapseAnalytics1'"
        },
        "linkedService1_connectionString": {
            "type": "secureString",
            "metadata": "Secure string for 'connectionString' of 'linkedService1'"
        }
    },
    "variables": {
        "factoryId": "[concat('Microsoft.DataFactory/factories/', parameters('factoryName'))]"
    },
    "resources": [
        {
            "name": "[concat(parameters('factoryName'), '/CopyFromSQLToSQLDW')]",
            "type": "Microsoft.DataFactory/factories/pipelines",
            "apiVersion": "2018-06-01",
            "properties": {
                "activities": [
                    {
                        "name": "ForEach_ezy",
                        "type": "ForEach",
                        "dependsOn": [],
                        "userProperties": [],
                        "typeProperties": {
                            "items": {
                                "value": "@pipeline().parameters.cw_items",
                                "type": "Expression"
                            },
                            "activities": [
                                {
                                    "name": "Copy_ezy",
                                    "type": "Copy",
                                    "dependsOn": [],
                                    "policy": {
                                        "timeout": "0.12:00:00",
                                        "retry": 0,
                                        "retryIntervalInSeconds": 30,
                                        "secureOutput": false,
                                        "secureInput": false
                                    },
                                    "userProperties": [
                                        {
                                            "name": "Source",
                                            "value": "SalesLT.@{item().source.table}"
                                        },
                                        {
                                            "name": "Destination",
                                            "value": "SalesLT.@{item().destination.table}"
                                        }
                                    ],
                                    "typeProperties": {
                                        "source": {
                                            "type": "AzureSqlSource",
                                            "partitionOption": "None"
                                        },
                                        "sink": {
                                            "type": "SqlDWSink",
                                            "allowPolyBase": true,
                                            "polyBaseSettings": {
                                                "rejectValue": 0,
                                                "rejectType": "value",
                                                "useTypeDefault": false
                                            },
                                            "tableOption": "autoCreate"
                                        },
                                        "enableStaging": true,
                                        "stagingSettings": {
                                            "linkedServiceName": {
                                                "referenceName": "linkedService1",
                                                "type": "LinkedServiceReference"
                                            }
                                        },
                                        "translator": {
                                            "value": "@item().copyActivity.translator",
                                            "type": "Expression"
                                        }
                                    },
                                    "inputs": [
                                        {
                                            "referenceName": "SourceDataset_ezy",
                                            "type": "DatasetReference",
                                            "parameters": {
                                                "cw_table": "@item().source.table"
                                            }
                                        }
                                    ],
                                    "outputs": [
                                        {
                                            "referenceName": "DestinationDataset_ezy",
                                            "type": "DatasetReference",
                                            "parameters": {
                                                "cw_table": "@item().destination.table"
                                            }
                                        }
                                    ]
                                }
                            ]
                        }
                    }
                ],
                "policy": {
                    "elapsedTimeMetric": {},
                    "cancelAfter": {}
                },
                "parameters": {
                    "cw_items": {
                        "type": "Array",
                        "defaultValue": [
                            {
                                "source": {
                                    "table": "Address"
                                },
                                "destination": {
                                    "table": "Address"
                                },
                                "copyActivity": {
                                    "translator": {
                                        "type": "TabularTranslator",
                                        "mappings": [
                                            {
                                                "source": {
                                                    "name": "AddressID",
                                                    "type": "Int32"
                                                },
                                                "sink": {
                                                    "name": "AddressID",
                                                    "type": "Int32"
                                                }
                                            },
                                            {
                                                "source": {
                                                    "name": "AddressLine1",
                                                    "type": "String"
                                                },
                                                "sink": {
                                                    "name": "AddressLine1",
                                                    "type": "String"
                                                }
                                            },
                                            {
                                                "source": {
                                                    "name": "AddressLine2",
                                                    "type": "String"
                                                },
                                                "sink": {
                                                    "name": "AddressLine2",
                                                    "type": "String"
                                                }
                                            },
                                            {
                                                "source": {
                                                    "name": "City",
                                                    "type": "String"
                                                },
                                                "sink": {
                                                    "name": "City",
                                                    "type": "String"
                                                }
                                            },
                                            {
                                                "source": {
                                                    "name": "StateProvince",
                                                    "type": "String"
                                                },
                                                "sink": {
                                                    "name": "StateProvince",
                                                    "type": "String"
                                                }
                                            },
                                            {
                                                "source": {
                                                    "name": "CountryRegion",
                                                    "type": "String"
                                                },
                                                "sink": {
                                                    "name": "CountryRegion",
                                                    "type": "String"
                                                }
                                            },
                                            {
                                                "source": {
                                                    "name": "PostalCode",
                                                    "type": "String"
                                                },
                                                "sink": {
                                                    "name": "PostalCode",
                                                    "type": "String"
                                                }
                                            },
                                            {
                                                "source": {
                                                    "name": "rowguid",
                                                    "type": "Guid"
                                                },
                                                "sink": {
                                                    "name": "rowguid",
                                                    "type": "Guid"
                                                }
                                            },
                                            {
                                                "source": {
                                                    "name": "ModifiedDate",
                                                    "type": "DateTime"
                                                },
                                                "sink": {
                                                    "name": "ModifiedDate",
                                                    "type": "DateTime"
                                                }
                                            }
                                        ]
                                    }
                                }
                            },
                            {
                                "source": {
                                    "table": "Customer"
                                },
                                "destination": {
                                    "table": "Customer"
                                },
                                "copyActivity": {
                                    "translator": {
                                        "type": "TabularTranslator",
                                        "mappings": [
                                            {
                                                "source": {
                                                    "name": "CustomerID",
                                                    "type": "Int32"
                                                },
                                                "sink": {
                                                    "name": "CustomerID",
                                                    "type": "Int32"
                                                }
                                            },
                                            {
                                                "source": {
                                                    "name": "NameStyle",
                                                    "type": "Boolean"
                                                },
                                                "sink": {
                                                    "name": "NameStyle",
                                                    "type": "Boolean"
                                                }
                                            },
                                            {
                                                "source": {
                                                    "name": "Title",
                                                    "type": "String"
                                                },
                                                "sink": {
                                                    "name": "Title",
                                                    "type": "String"
                                                }
                                            },
                                            {
                                                "source": {
                                                    "name": "FirstName",
                                                    "type": "String"
                                                },
                                                "sink": {
                                                    "name": "FirstName",
                                                    "type": "String"
                                                }
                                            },
                                            {
                                                "source": {
                                                    "name": "MiddleName",
                                                    "type": "String"
                                                },
                                                "sink": {
                                                    "name": "MiddleName",
                                                    "type": "String"
                                                }
                                            },
                                            {
                                                "source": {
                                                    "name": "LastName",
                                                    "type": "String"
                                                },
                                                "sink": {
                                                    "name": "LastName",
                                                    "type": "String"
                                                }
                                            },
                                            {
                                                "source": {
                                                    "name": "Suffix",
                                                    "type": "String"
                                                },
                                                "sink": {
                                                    "name": "Suffix",
                                                    "type": "String"
                                                }
                                            },
                                            {
                                                "source": {
                                                    "name": "CompanyName",
                                                    "type": "String"
                                                },
                                                "sink": {
                                                    "name": "CompanyName",
                                                    "type": "String"
                                                }
                                            },
                                            {
                                                "source": {
                                                    "name": "SalesPerson",
                                                    "type": "String"
                                                },
                                                "sink": {
                                                    "name": "SalesPerson",
                                                    "type": "String"
                                                }
                                            },
                                            {
                                                "source": {
                                                    "name": "EmailAddress",
                                                    "type": "String"
                                                },
                                                "sink": {
                                                    "name": "EmailAddress",
                                                    "type": "String"
                                                }
                                            },
                                            {
                                                "source": {
                                                    "name": "Phone",
                                                    "type": "String"
                                                },
                                                "sink": {
                                                    "name": "Phone",
                                                    "type": "String"
                                                }
                                            },
                                            {
                                                "source": {
                                                    "name": "PasswordHash",
                                                    "type": "String"
                                                },
                                                "sink": {
                                                    "name": "PasswordHash",
                                                    "type": "String"
                                                }
                                            },
                                            {
                                                "source": {
                                                    "name": "PasswordSalt",
                                                    "type": "String"
                                                },
                                                "sink": {
                                                    "name": "PasswordSalt",
                                                    "type": "String"
                                                }
                                            },
                                            {
                                                "source": {
                                                    "name": "rowguid",
                                                    "type": "Guid"
                                                },
                                                "sink": {
                                                    "name": "rowguid",
                                                    "type": "Guid"
                                                }
                                            },
                                            {
                                                "source": {
                                                    "name": "ModifiedDate",
                                                    "type": "DateTime"
                                                },
                                                "sink": {
                                                    "name": "ModifiedDate",
                                                    "type": "DateTime"
                                                }
                                            }
                                        ]
                                    }
                                }
                            },
                            {
                                "source": {
                                    "table": "CustomerAddress"
                                },
                                "destination": {
                                    "table": "CustomerAddress"
                                },
                                "copyActivity": {
                                    "translator": {
                                        "type": "TabularTranslator",
                                        "mappings": [
                                            {
                                                "source": {
                                                    "name": "CustomerID",
                                                    "type": "Int32"
                                                },
                                                "sink": {
                                                    "name": "CustomerID",
                                                    "type": "Int32"
                                                }
                                            },
                                            {
                                                "source": {
                                                    "name": "AddressID",
                                                    "type": "Int32"
                                                },
                                                "sink": {
                                                    "name": "AddressID",
                                                    "type": "Int32"
                                                }
                                            },
                                            {
                                                "source": {
                                                    "name": "AddressType",
                                                    "type": "String"
                                                },
                                                "sink": {
                                                    "name": "AddressType",
                                                    "type": "String"
                                                }
                                            },
                                            {
                                                "source": {
                                                    "name": "rowguid",
                                                    "type": "Guid"
                                                },
                                                "sink": {
                                                    "name": "rowguid",
                                                    "type": "Guid"
                                                }
                                            },
                                            {
                                                "source": {
                                                    "name": "ModifiedDate",
                                                    "type": "DateTime"
                                                },
                                                "sink": {
                                                    "name": "ModifiedDate",
                                                    "type": "DateTime"
                                                }
                                            }
                                        ]
                                    }
                                }
                            },
                            {
                                "source": {
                                    "table": "Product"
                                },
                                "destination": {
                                    "table": "Product"
                                },
                                "copyActivity": {
                                    "translator": {
                                        "type": "TabularTranslator",
                                        "mappings": [
                                            {
                                                "source": {
                                                    "name": "ProductID",
                                                    "type": "Int32"
                                                },
                                                "sink": {
                                                    "name": "ProductID",
                                                    "type": "Int32"
                                                }
                                            },
                                            {
                                                "source": {
                                                    "name": "Name",
                                                    "type": "String"
                                                },
                                                "sink": {
                                                    "name": "Name",
                                                    "type": "String"
                                                }
                                            },
                                            {
                                                "source": {
                                                    "name": "ProductNumber",
                                                    "type": "String"
                                                },
                                                "sink": {
                                                    "name": "ProductNumber",
                                                    "type": "String"
                                                }
                                            },
                                            {
                                                "source": {
                                                    "name": "Color",
                                                    "type": "String"
                                                },
                                                "sink": {
                                                    "name": "Color",
                                                    "type": "String"
                                                }
                                            },
                                            {
                                                "source": {
                                                    "name": "StandardCost",
                                                    "type": "Decimal"
                                                },
                                                "sink": {
                                                    "name": "StandardCost",
                                                    "type": "Decimal"
                                                }
                                            },
                                            {
                                                "source": {
                                                    "name": "ListPrice",
                                                    "type": "Decimal"
                                                },
                                                "sink": {
                                                    "name": "ListPrice",
                                                    "type": "Decimal"
                                                }
                                            },
                                            {
                                                "source": {
                                                    "name": "Size",
                                                    "type": "String"
                                                },
                                                "sink": {
                                                    "name": "Size",
                                                    "type": "String"
                                                }
                                            },
                                            {
                                                "source": {
                                                    "name": "Weight",
                                                    "type": "Decimal"
                                                },
                                                "sink": {
                                                    "name": "Weight",
                                                    "type": "Decimal"
                                                }
                                            },
                                            {
                                                "source": {
                                                    "name": "ProductCategoryID",
                                                    "type": "Int32"
                                                },
                                                "sink": {
                                                    "name": "ProductCategoryID",
                                                    "type": "Int32"
                                                }
                                            },
                                            {
                                                "source": {
                                                    "name": "ProductModelID",
                                                    "type": "Int32"
                                                },
                                                "sink": {
                                                    "name": "ProductModelID",
                                                    "type": "Int32"
                                                }
                                            },
                                            {
                                                "source": {
                                                    "name": "SellStartDate",
                                                    "type": "DateTime"
                                                },
                                                "sink": {
                                                    "name": "SellStartDate",
                                                    "type": "DateTime"
                                                }
                                            },
                                            {
                                                "source": {
                                                    "name": "SellEndDate",
                                                    "type": "DateTime"
                                                },
                                                "sink": {
                                                    "name": "SellEndDate",
                                                    "type": "DateTime"
                                                }
                                            },
                                            {
                                                "source": {
                                                    "name": "DiscontinuedDate",
                                                    "type": "DateTime"
                                                },
                                                "sink": {
                                                    "name": "DiscontinuedDate",
                                                    "type": "DateTime"
                                                }
                                            },
                                            {
                                                "source": {
                                                    "name": "ThumbNailPhoto",
                                                    "type": "Byte[]"
                                                },
                                                "sink": {
                                                    "name": "ThumbNailPhoto",
                                                    "type": "Byte[]"
                                                }
                                            },
                                            {
                                                "source": {
                                                    "name": "ThumbnailPhotoFileName",
                                                    "type": "String"
                                                },
                                                "sink": {
                                                    "name": "ThumbnailPhotoFileName",
                                                    "type": "String"
                                                }
                                            },
                                            {
                                                "source": {
                                                    "name": "rowguid",
                                                    "type": "Guid"
                                                },
                                                "sink": {
                                                    "name": "rowguid",
                                                    "type": "Guid"
                                                }
                                            },
                                            {
                                                "source": {
                                                    "name": "ModifiedDate",
                                                    "type": "DateTime"
                                                },
                                                "sink": {
                                                    "name": "ModifiedDate",
                                                    "type": "DateTime"
                                                }
                                            }
                                        ]
                                    }
                                }
                            },
                            {
                                "source": {
                                    "table": "ProductCategory"
                                },
                                "destination": {
                                    "table": "ProductCategory"
                                },
                                "copyActivity": {
                                    "translator": {
                                        "type": "TabularTranslator",
                                        "mappings": [
                                            {
                                                "source": {
                                                    "name": "ProductCategoryID",
                                                    "type": "Int32"
                                                },
                                                "sink": {
                                                    "name": "ProductCategoryID",
                                                    "type": "Int32"
                                                }
                                            },
                                            {
                                                "source": {
                                                    "name": "ParentProductCategoryID",
                                                    "type": "Int32"
                                                },
                                                "sink": {
                                                    "name": "ParentProductCategoryID",
                                                    "type": "Int32"
                                                }
                                            },
                                            {
                                                "source": {
                                                    "name": "Name",
                                                    "type": "String"
                                                },
                                                "sink": {
                                                    "name": "Name",
                                                    "type": "String"
                                                }
                                            },
                                            {
                                                "source": {
                                                    "name": "rowguid",
                                                    "type": "Guid"
                                                },
                                                "sink": {
                                                    "name": "rowguid",
                                                    "type": "Guid"
                                                }
                                            },
                                            {
                                                "source": {
                                                    "name": "ModifiedDate",
                                                    "type": "DateTime"
                                                },
                                                "sink": {
                                                    "name": "ModifiedDate",
                                                    "type": "DateTime"
                                                }
                                            }
                                        ]
                                    }
                                }
                            },
                            {
                                "source": {
                                    "table": "ProductDescription"
                                },
                                "destination": {
                                    "table": "ProductDescription"
                                },
                                "copyActivity": {
                                    "translator": {
                                        "type": "TabularTranslator",
                                        "mappings": [
                                            {
                                                "source": {
                                                    "name": "ProductDescriptionID",
                                                    "type": "Int32"
                                                },
                                                "sink": {
                                                    "name": "ProductDescriptionID",
                                                    "type": "Int32"
                                                }
                                            },
                                            {
                                                "source": {
                                                    "name": "Description",
                                                    "type": "String"
                                                },
                                                "sink": {
                                                    "name": "Description",
                                                    "type": "String"
                                                }
                                            },
                                            {
                                                "source": {
                                                    "name": "rowguid",
                                                    "type": "Guid"
                                                },
                                                "sink": {
                                                    "name": "rowguid",
                                                    "type": "Guid"
                                                }
                                            },
                                            {
                                                "source": {
                                                    "name": "ModifiedDate",
                                                    "type": "DateTime"
                                                },
                                                "sink": {
                                                    "name": "ModifiedDate",
                                                    "type": "DateTime"
                                                }
                                            }
                                        ]
                                    }
                                }
                            },
                            {
                                "source": {
                                    "table": "ProductModel"
                                },
                                "destination": {
                                    "table": "ProductModel"
                                },
                                "copyActivity": {
                                    "translator": {
                                        "type": "TabularTranslator",
                                        "mappings": [
                                            {
                                                "source": {
                                                    "name": "ProductModelID",
                                                    "type": "Int32"
                                                },
                                                "sink": {
                                                    "name": "ProductModelID",
                                                    "type": "Int32"
                                                }
                                            },
                                            {
                                                "source": {
                                                    "name": "Name",
                                                    "type": "String"
                                                },
                                                "sink": {
                                                    "name": "Name",
                                                    "type": "String"
                                                }
                                            },
                                            {
                                                "source": {
                                                    "name": "CatalogDescription",
                                                    "type": "String"
                                                },
                                                "sink": {
                                                    "name": "CatalogDescription",
                                                    "type": "String"
                                                }
                                            },
                                            {
                                                "source": {
                                                    "name": "rowguid",
                                                    "type": "Guid"
                                                },
                                                "sink": {
                                                    "name": "rowguid",
                                                    "type": "Guid"
                                                }
                                            },
                                            {
                                                "source": {
                                                    "name": "ModifiedDate",
                                                    "type": "DateTime"
                                                },
                                                "sink": {
                                                    "name": "ModifiedDate",
                                                    "type": "DateTime"
                                                }
                                            }
                                        ]
                                    }
                                }
                            },
                            {
                                "source": {
                                    "table": "ProductModelProductDescription"
                                },
                                "destination": {
                                    "table": "ProductModelProductDescription"
                                },
                                "copyActivity": {
                                    "translator": {
                                        "type": "TabularTranslator",
                                        "mappings": [
                                            {
                                                "source": {
                                                    "name": "ProductModelID",
                                                    "type": "Int32"
                                                },
                                                "sink": {
                                                    "name": "ProductModelID",
                                                    "type": "Int32"
                                                }
                                            },
                                            {
                                                "source": {
                                                    "name": "ProductDescriptionID",
                                                    "type": "Int32"
                                                },
                                                "sink": {
                                                    "name": "ProductDescriptionID",
                                                    "type": "Int32"
                                                }
                                            },
                                            {
                                                "source": {
                                                    "name": "Culture",
                                                    "type": "String"
                                                },
                                                "sink": {
                                                    "name": "Culture",
                                                    "type": "String"
                                                }
                                            },
                                            {
                                                "source": {
                                                    "name": "rowguid",
                                                    "type": "Guid"
                                                },
                                                "sink": {
                                                    "name": "rowguid",
                                                    "type": "Guid"
                                                }
                                            },
                                            {
                                                "source": {
                                                    "name": "ModifiedDate",
                                                    "type": "DateTime"
                                                },
                                                "sink": {
                                                    "name": "ModifiedDate",
                                                    "type": "DateTime"
                                                }
                                            }
                                        ]
                                    }
                                }
                            },
                            {
                                "source": {
                                    "table": "SalesOrderDetail"
                                },
                                "destination": {
                                    "table": "SalesOrderDetail"
                                },
                                "copyActivity": {
                                    "translator": {
                                        "type": "TabularTranslator",
                                        "mappings": [
                                            {
                                                "source": {
                                                    "name": "SalesOrderID",
                                                    "type": "Int32"
                                                },
                                                "sink": {
                                                    "name": "SalesOrderID",
                                                    "type": "Int32"
                                                }
                                            },
                                            {
                                                "source": {
                                                    "name": "SalesOrderDetailID",
                                                    "type": "Int32"
                                                },
                                                "sink": {
                                                    "name": "SalesOrderDetailID",
                                                    "type": "Int32"
                                                }
                                            },
                                            {
                                                "source": {
                                                    "name": "OrderQty",
                                                    "type": "Int16"
                                                },
                                                "sink": {
                                                    "name": "OrderQty",
                                                    "type": "Int16"
                                                }
                                            },
                                            {
                                                "source": {
                                                    "name": "ProductID",
                                                    "type": "Int32"
                                                },
                                                "sink": {
                                                    "name": "ProductID",
                                                    "type": "Int32"
                                                }
                                            },
                                            {
                                                "source": {
                                                    "name": "UnitPrice",
                                                    "type": "Decimal"
                                                },
                                                "sink": {
                                                    "name": "UnitPrice",
                                                    "type": "Decimal"
                                                }
                                            },
                                            {
                                                "source": {
                                                    "name": "UnitPriceDiscount",
                                                    "type": "Decimal"
                                                },
                                                "sink": {
                                                    "name": "UnitPriceDiscount",
                                                    "type": "Decimal"
                                                }
                                            },
                                            {
                                                "source": {
                                                    "name": "LineTotal",
                                                    "type": "Decimal"
                                                },
                                                "sink": {
                                                    "name": "LineTotal",
                                                    "type": "Decimal"
                                                }
                                            },
                                            {
                                                "source": {
                                                    "name": "rowguid",
                                                    "type": "Guid"
                                                },
                                                "sink": {
                                                    "name": "rowguid",
                                                    "type": "Guid"
                                                }
                                            },
                                            {
                                                "source": {
                                                    "name": "ModifiedDate",
                                                    "type": "DateTime"
                                                },
                                                "sink": {
                                                    "name": "ModifiedDate",
                                                    "type": "DateTime"
                                                }
                                            }
                                        ]
                                    }
                                }
                            },
                            {
                                "source": {
                                    "table": "SalesOrderHeader"
                                },
                                "destination": {
                                    "table": "SalesOrderHeader"
                                },
                                "copyActivity": {
                                    "translator": {
                                        "type": "TabularTranslator",
                                        "mappings": [
                                            {
                                                "source": {
                                                    "name": "SalesOrderID",
                                                    "type": "Int32"
                                                },
                                                "sink": {
                                                    "name": "SalesOrderID",
                                                    "type": "Int32"
                                                }
                                            },
                                            {
                                                "source": {
                                                    "name": "RevisionNumber",
                                                    "type": "Byte"
                                                },
                                                "sink": {
                                                    "name": "RevisionNumber",
                                                    "type": "Byte"
                                                }
                                            },
                                            {
                                                "source": {
                                                    "name": "OrderDate",
                                                    "type": "DateTime"
                                                },
                                                "sink": {
                                                    "name": "OrderDate",
                                                    "type": "DateTime"
                                                }
                                            },
                                            {
                                                "source": {
                                                    "name": "DueDate",
                                                    "type": "DateTime"
                                                },
                                                "sink": {
                                                    "name": "DueDate",
                                                    "type": "DateTime"
                                                }
                                            },
                                            {
                                                "source": {
                                                    "name": "ShipDate",
                                                    "type": "DateTime"
                                                },
                                                "sink": {
                                                    "name": "ShipDate",
                                                    "type": "DateTime"
                                                }
                                            },
                                            {
                                                "source": {
                                                    "name": "Status",
                                                    "type": "Byte"
                                                },
                                                "sink": {
                                                    "name": "Status",
                                                    "type": "Byte"
                                                }
                                            },
                                            {
                                                "source": {
                                                    "name": "OnlineOrderFlag",
                                                    "type": "Boolean"
                                                },
                                                "sink": {
                                                    "name": "OnlineOrderFlag",
                                                    "type": "Boolean"
                                                }
                                            },
                                            {
                                                "source": {
                                                    "name": "SalesOrderNumber",
                                                    "type": "String"
                                                },
                                                "sink": {
                                                    "name": "SalesOrderNumber",
                                                    "type": "String"
                                                }
                                            },
                                            {
                                                "source": {
                                                    "name": "PurchaseOrderNumber",
                                                    "type": "String"
                                                },
                                                "sink": {
                                                    "name": "PurchaseOrderNumber",
                                                    "type": "String"
                                                }
                                            },
                                            {
                                                "source": {
                                                    "name": "AccountNumber",
                                                    "type": "String"
                                                },
                                                "sink": {
                                                    "name": "AccountNumber",
                                                    "type": "String"
                                                }
                                            },
                                            {
                                                "source": {
                                                    "name": "CustomerID",
                                                    "type": "Int32"
                                                },
                                                "sink": {
                                                    "name": "CustomerID",
                                                    "type": "Int32"
                                                }
                                            },
                                            {
                                                "source": {
                                                    "name": "ShipToAddressID",
                                                    "type": "Int32"
                                                },
                                                "sink": {
                                                    "name": "ShipToAddressID",
                                                    "type": "Int32"
                                                }
                                            },
                                            {
                                                "source": {
                                                    "name": "BillToAddressID",
                                                    "type": "Int32"
                                                },
                                                "sink": {
                                                    "name": "BillToAddressID",
                                                    "type": "Int32"
                                                }
                                            },
                                            {
                                                "source": {
                                                    "name": "ShipMethod",
                                                    "type": "String"
                                                },
                                                "sink": {
                                                    "name": "ShipMethod",
                                                    "type": "String"
                                                }
                                            },
                                            {
                                                "source": {
                                                    "name": "CreditCardApprovalCode",
                                                    "type": "String"
                                                },
                                                "sink": {
                                                    "name": "CreditCardApprovalCode",
                                                    "type": "String"
                                                }
                                            },
                                            {
                                                "source": {
                                                    "name": "SubTotal",
                                                    "type": "Decimal"
                                                },
                                                "sink": {
                                                    "name": "SubTotal",
                                                    "type": "Decimal"
                                                }
                                            },
                                            {
                                                "source": {
                                                    "name": "TaxAmt",
                                                    "type": "Decimal"
                                                },
                                                "sink": {
                                                    "name": "TaxAmt",
                                                    "type": "Decimal"
                                                }
                                            },
                                            {
                                                "source": {
                                                    "name": "Freight",
                                                    "type": "Decimal"
                                                },
                                                "sink": {
                                                    "name": "Freight",
                                                    "type": "Decimal"
                                                }
                                            },
                                            {
                                                "source": {
                                                    "name": "TotalDue",
                                                    "type": "Decimal"
                                                },
                                                "sink": {
                                                    "name": "TotalDue",
                                                    "type": "Decimal"
                                                }
                                            },
                                            {
                                                "source": {
                                                    "name": "Comment",
                                                    "type": "String"
                                                },
                                                "sink": {
                                                    "name": "Comment",
                                                    "type": "String"
                                                }
                                            },
                                            {
                                                "source": {
                                                    "name": "rowguid",
                                                    "type": "Guid"
                                                },
                                                "sink": {
                                                    "name": "rowguid",
                                                    "type": "Guid"
                                                }
                                            },
                                            {
                                                "source": {
                                                    "name": "ModifiedDate",
                                                    "type": "DateTime"
                                                },
                                                "sink": {
                                                    "name": "ModifiedDate",
                                                    "type": "DateTime"
                                                }
                                            }
                                        ]
                                    }
                                }
                            }
                        ]
                    }
                },
                "annotations": [],
                "lastPublishTime": "2022-11-17T20:58:51Z"
            },
            "dependsOn": [
                "[concat(variables('factoryId'), '/datasets/SourceDataset_ezy')]",
                "[concat(variables('factoryId'), '/datasets/DestinationDataset_ezy')]",
                "[concat(variables('factoryId'), '/linkedServices/linkedService1')]"
            ]
        },
        {
            "name": "[concat(parameters('factoryName'), '/DestinationDataset_ezy')]",
            "type": "Microsoft.DataFactory/factories/datasets",
            "apiVersion": "2018-06-01",
            "properties": {
                "linkedServiceName": {
                    "referenceName": "AzureSynapseAnalytics1",
                    "type": "LinkedServiceReference"
                },
                "parameters": {
                    "cw_table": {
                        "type": "String"
                    }
                },
                "annotations": [],
                "type": "AzureSqlDWTable",
                "schema": [],
                "typeProperties": {
                    "schema": "SalesLT",
                    "table": {
                        "value": "@dataset().cw_table",
                        "type": "Expression"
                    }
                }
            },
            "dependsOn": [
                "[concat(variables('factoryId'), '/linkedServices/AzureSynapseAnalytics1')]"
            ]
        },
        {
            "name": "[concat(parameters('factoryName'), '/SourceDataset_ezy')]",
            "type": "Microsoft.DataFactory/factories/datasets",
            "apiVersion": "2018-06-01",
            "properties": {
                "linkedServiceName": {
                    "referenceName": "AzureSqlDatabase1",
                    "type": "LinkedServiceReference"
                },
                "parameters": {
                    "cw_table": {
                        "type": "String"
                    }
                },
                "annotations": [],
                "type": "AzureSqlTable",
                "schema": [],
                "typeProperties": {
                    "schema": "SalesLT",
                    "table": {
                        "value": "@dataset().cw_table",
                        "type": "Expression"
                    }
                }
            },
            "dependsOn": [
                "[concat(variables('factoryId'), '/linkedServices/AzureSqlDatabase1')]"
            ]
        },
        {
            "name": "[concat(parameters('factoryName'), '/AzureSqlDatabase1')]",
            "type": "Microsoft.DataFactory/factories/linkedServices",
            "apiVersion": "2018-06-01",
            "properties": {
                "annotations": [],
                "type": "AzureSqlDatabase",
                "typeProperties": {
                    "connectionString": "[parameters('AzureSqlDatabase1_connectionString')]"
                }
            },
            "dependsOn": []
        },
        {
            "name": "[concat(parameters('factoryName'), '/AzureSynapseAnalytics1')]",
            "type": "Microsoft.DataFactory/factories/linkedServices",
            "apiVersion": "2018-06-01",
            "properties": {
                "annotations": [],
                "type": "AzureSqlDW",
                "typeProperties": {
                    "connectionString": "[parameters('AzureSynapseAnalytics1_connectionString')]"
                }
            },
            "dependsOn": []
        },
        {
            "name": "[concat(parameters('factoryName'), '/linkedService1')]",
            "type": "Microsoft.DataFactory/factories/linkedServices",
            "apiVersion": "2018-06-01",
            "properties": {
                "annotations": [],
                "type": "AzureBlobStorage",
                "typeProperties": {
                    "connectionString": "[parameters('linkedService1_connectionString')]"
                }
            },
            "dependsOn": []
        }
    ]
}